/* Populate tabla clientes */

INSERT INTO regiones (id, nombre) VALUES (1, 'Sudamérica');
INSERT INTO regiones (id, nombre) VALUES (2, 'Centroamérica');
INSERT INTO regiones (id, nombre) VALUES (3, 'Norteamérica');
INSERT INTO regiones (id, nombre) VALUES (4, 'Europa');
INSERT INTO regiones (id, nombre) VALUES (5, 'Asia');
INSERT INTO regiones (id, nombre) VALUES (6, 'Africa');
INSERT INTO regiones (id, nombre) VALUES (7, 'Oceanía');
INSERT INTO regiones (id, nombre) VALUES (8, 'Antártida');

INSERT INTO clientes (region_id, nombre, apellido, email, create_at) VALUES(1, 'Miguel', 'Chamorro', 'ingenieromiguelch@gmail.com', '2018-01-01');
INSERT INTO clientes (region_id, nombre, apellido, email, create_at) VALUES(2, 'John', 'Perez', 'john@gmail.com', '2018-01-02');
INSERT INTO clientes (region_id, nombre, apellido, email, create_at) VALUES(4, 'Luciano', 'Rodriguez', 'luciano@gmail.com', '2018-01-03');
INSERT INTO clientes (region_id, nombre, apellido, email, create_at) VALUES(4, 'Rodrigo', 'Goes', 'rodr@gmail.com', '2018-01-04');
INSERT INTO clientes (region_id, nombre, apellido, email, create_at) VALUES(4, 'Eric', 'Lopez', 'erichlo@gmail.com', '2018-02-01');
INSERT INTO clientes (region_id, nombre, apellido, email, create_at) VALUES(3, 'Richard', 'Paredes', 'richard.pa@gmail.com', '2018-02-10');
INSERT INTO clientes (region_id, nombre, apellido, email, create_at) VALUES(3, 'Jorge', 'Dominguez', 'jo.do@gmail.com', '2018-02-18');
INSERT INTO clientes (region_id, nombre, apellido, email, create_at) VALUES(3, 'Lucía', 'Nieto', 'lucia.ni@gmail.com', '2018-02-28');
INSERT INTO clientes (region_id, nombre, apellido, email, create_at) VALUES(3, 'James', 'Gosling', 'james.gosling@gmail.com', '2018-03-03');
INSERT INTO clientes (region_id, nombre, apellido, email, create_at) VALUES(5, 'Ricardo', 'Maureira', 'ricr@gmail.com', '2018-03-04');
INSERT INTO clientes (region_id, nombre, apellido, email, create_at) VALUES(6, 'Ana', 'Fuentes', 'ana.fu@gmail.com', '2018-03-05');
INSERT INTO clientes (region_id, nombre, apellido, email, create_at) VALUES(7, 'Anita', 'Pasmiño', 'anitap@gmail.com', '2018-03-06');

/* Creamos algunos usuarios con sus roles */
INSERT INTO `usuarios` (username, password, enabled, nombre, apellido, email) VALUES ('miguel','$2a$10$9I9r4BttoBIJL7p6m4ht0eIvVi7u9KyUNEIZFq5ZkgcJdlSk89Pj2',1, 'Miguel', 'Chamorro','ingenieromiguelch@gmail.com');
INSERT INTO `usuarios` (username, password, enabled, nombre, apellido, email) VALUES ('admin','$2a$10$RmdEsvEfhI7Rcm9f/uZXPebZVCcPC7ZXZwV51efAvMAp1rIaRAfPK',1, 'John', 'Peña','jhonp@gmail.com');

INSERT INTO `roles` (nombre) VALUES ('ROLE_USER');
INSERT INTO `roles` (nombre) VALUES ('ROLE_ADMIN');

INSERT INTO `usuarios_roles` (usuario_id, role_id) VALUES (1, 1);
INSERT INTO `usuarios_roles` (usuario_id, role_id) VALUES (2, 2);
INSERT INTO `usuarios_roles` (usuario_id, role_id) VALUES (2, 1);


